job,step,loss,grad_norm,lr,l1_loss,kld_loss
act_so101_blocks_20000_ep0-49,100,9.936,204.956,1.0e-05,0.718,0.922
act_so101_blocks_20000_ep0-49,200,3.920,107.885,1.0e-05,0.609,0.331
act_so101_blocks_20000_ep0-49,300,3.250,92.143,1.0e-05,0.561,0.269
act_so101_blocks_20000_ep0-49,400,2.905,84.503,1.0e-05,0.514,0.239
act_so101_blocks_20000_ep0-49,500,2.654,79.622,1.0e-05,0.475,0.218
act_so101_blocks_20000_ep0-49,600,2.483,75.743,1.0e-05,0.461,0.202
act_so101_blocks_20000_ep0-49,700,2.347,70.142,1.0e-05,0.477,0.187
act_so101_blocks_20000_ep0-49,800,2.252,70.242,1.0e-05,0.457,0.180
act_so101_blocks_20000_ep0-49,900,2.167,66.677,1.0e-05,0.452,0.172
act_so101_blocks_20000_ep0-49,1000,2.058,64.969,1.0e-05,0.446,0.161
act_so101_blocks_20000_ep0-49,1100,1.906,60.987,1.0e-05,0.429,0.148
act_so101_blocks_20000_ep0-49,1200,1.852,60.666,1.0e-05,0.430,0.142
act_so101_blocks_20000_ep0-49,1300,1.739,58.096,1.0e-05,0.408,0.133
act_so101_blocks_20000_ep0-49,1400,1.694,58.243,1.0e-05,0.399,0.130
act_so101_blocks_20000_ep0-49,1500,1.636,56.639,1.0e-05,0.402,0.123
act_so101_blocks_20000_ep0-49,1600,1.567,55.118,1.0e-05,0.408,0.116
act_so101_blocks_20000_ep0-49,1700,1.475,52.914,1.0e-05,0.388,0.109
act_so101_blocks_20000_ep0-49,1800,1.416,52.964,1.0e-05,0.384,0.103
act_so101_blocks_20000_ep0-49,1900,1.362,51.476,1.0e-05,0.378,0.098
act_so101_blocks_20000_ep0-49,2000,1.304,51.528,1.0e-05,0.365,0.094
act_so101_blocks_20000_ep0-49,2100,1.254,49.503,1.0e-05,0.370,0.088
act_so101_blocks_20000_ep0-49,2200,1.192,48.016,1.0e-05,0.352,0.084
act_so101_blocks_20000_ep0-49,2300,1.141,46.465,1.0e-05,0.349,0.079
act_so101_blocks_20000_ep0-49,2400,1.076,45.019,1.0e-05,0.339,0.074
act_so101_blocks_20000_ep0-49,2500,1.030,44.041,1.0e-05,0.339,0.069
act_so101_blocks_20000_ep0-49,2600,1.003,42.255,1.0e-05,0.343,0.066
act_so101_blocks_20000_ep0-49,2700,0.964,42.510,1.0e-05,0.338,0.063
act_so101_blocks_20000_ep0-49,2800,0.927,42.163,1.0e-05,0.332,0.060
act_so101_blocks_20000_ep0-49,2900,0.879,39.623,1.0e-05,0.324,0.055
act_so101_blocks_20000_ep0-49,3000,0.834,38.385,1.0e-05,0.316,0.052
act_so101_blocks_20000_ep0-49,3100,0.793,37.857,1.0e-05,0.307,0.049
act_so101_blocks_20000_ep0-49,3200,0.776,37.330,1.0e-05,0.314,0.046
act_so101_blocks_20000_ep0-49,3300,0.747,36.494,1.0e-05,0.306,0.044
act_so101_blocks_20000_ep0-49,3400,0.715,35.968,1.0e-05,0.301,0.041
act_so101_blocks_20000_ep0-49,3500,0.692,34.985,1.0e-05,0.302,0.039
act_so101_blocks_20000_ep0-49,3600,0.663,34.285,1.0e-05,0.290,0.037
act_so101_blocks_20000_ep0-49,3700,0.634,32.982,1.0e-05,0.290,0.034
act_so101_blocks_20000_ep0-49,3800,0.631,32.746,1.0e-05,0.294,0.034
act_so101_blocks_20000_ep0-49,3900,0.604,31.543,1.0e-05,0.293,0.031
act_so101_blocks_20000_ep0-49,4000,0.577,31.315,1.0e-05,0.276,0.030
act_so101_blocks_20000_ep0-49,4100,0.565,30.584,1.0e-05,0.284,0.028
act_so101_blocks_20000_ep0-49,4200,0.545,30.031,1.0e-05,0.271,0.027
act_so101_blocks_20000_ep0-49,4300,0.532,29.828,1.0e-05,0.278,0.025
act_so101_blocks_20000_ep0-49,4400,0.518,27.929,1.0e-05,0.277,0.024
act_so101_blocks_20000_ep0-49,4500,0.517,28.494,1.0e-05,0.283,0.023
act_so101_blocks_20000_ep0-49,4600,0.498,27.140,1.0e-05,0.280,0.022
act_so101_blocks_20000_ep0-49,4700,0.483,27.534,1.0e-05,0.271,0.021
act_so101_blocks_20000_ep0-49,4800,0.468,27.112,1.0e-05,0.267,0.020
act_so101_blocks_20000_ep0-49,4900,0.456,26.052,1.0e-05,0.266,0.019
act_so101_blocks_20000_ep0-49,5000,0.447,25.693,1.0e-05,0.267,0.018
act_so101_blocks_20000_ep0-49,5100,0.435,25.191,1.0e-05,0.260,0.018
act_so101_blocks_20000_ep0-49,5200,0.443,26.183,1.0e-05,0.272,0.017
act_so101_blocks_20000_ep0-49,5300,0.431,25.052,1.0e-05,0.269,0.016
act_so101_blocks_20000_ep0-49,5400,0.414,24.445,1.0e-05,0.258,0.016
act_so101_blocks_20000_ep0-49,5500,0.413,24.452,1.0e-05,0.261,0.015
act_so101_blocks_20000_ep0-49,5600,0.392,24.019,1.0e-05,0.247,0.014
act_so101_blocks_20000_ep0-49,5700,0.388,24.141,1.0e-05,0.245,0.014
act_so101_blocks_20000_ep0-49,5800,0.393,23.010,1.0e-05,0.258,0.013
act_so101_blocks_20000_ep0-49,5900,0.393,23.434,1.0e-05,0.263,0.013
act_so101_blocks_20000_ep0-49,6000,0.377,23.009,1.0e-05,0.252,0.013
act_so101_blocks_20000_ep0-49,6100,0.376,21.889,1.0e-05,0.255,0.012
act_so101_blocks_20000_ep0-49,6200,0.368,22.337,1.0e-05,0.248,0.012
act_so101_blocks_20000_ep0-49,6300,0.361,21.981,1.0e-05,0.244,0.012
act_so101_blocks_20000_ep0-49,6400,0.350,21.635,1.0e-05,0.241,0.011
act_so101_blocks_20000_ep0-49,6500,0.354,21.502,1.0e-05,0.247,0.011
act_so101_blocks_20000_ep0-49,6600,0.347,21.855,1.0e-05,0.238,0.011
act_so101_blocks_20000_ep0-49,6700,0.339,20.861,1.0e-05,0.237,0.010
act_so101_blocks_20000_ep0-49,6800,0.338,21.218,1.0e-05,0.239,0.010
act_so101_blocks_20000_ep0-49,6900,0.327,20.130,1.0e-05,0.230,0.010
act_so101_blocks_20000_ep0-49,7000,0.328,20.808,1.0e-05,0.233,0.009
act_so101_blocks_20000_ep0-49,7100,0.325,19.975,1.0e-05,0.234,0.009
act_so101_blocks_20000_ep0-49,7200,0.314,19.602,1.0e-05,0.225,0.009
act_so101_blocks_20000_ep0-49,7300,0.317,19.973,1.0e-05,0.231,0.009
act_so101_blocks_20000_ep0-49,7400,0.309,19.738,1.0e-05,0.227,0.008
act_so101_blocks_20000_ep0-49,7500,0.300,19.437,1.0e-05,0.219,0.008
act_so101_blocks_20000_ep0-49,7600,0.315,19.447,1.0e-05,0.235,0.008
act_so101_blocks_20000_ep0-49,7700,0.308,19.626,1.0e-05,0.226,0.008
act_so101_blocks_20000_ep0-49,7800,0.300,18.802,1.0e-05,0.225,0.008
act_so101_blocks_20000_ep0-49,7900,0.299,18.374,1.0e-05,0.225,0.007
act_so101_blocks_20000_ep0-49,8000,0.291,18.965,1.0e-05,0.216,0.008
act_so101_blocks_20000_ep0-49,8100,0.298,19.154,1.0e-05,0.225,0.007
act_so101_blocks_20000_ep0-49,8200,0.295,18.150,1.0e-05,0.224,0.007
act_so101_blocks_20000_ep0-49,8300,0.285,18.693,1.0e-05,0.216,0.007
act_so101_blocks_20000_ep0-49,8400,0.281,18.087,1.0e-05,0.213,0.007
act_so101_blocks_20000_ep0-49,8500,0.285,18.473,1.0e-05,0.220,0.007
act_so101_blocks_20000_ep0-49,8600,0.285,18.069,1.0e-05,0.219,0.007
act_so101_blocks_20000_ep0-49,8700,0.282,17.669,1.0e-05,0.219,0.006
act_so101_blocks_20000_ep0-49,8800,0.274,17.440,1.0e-05,0.213,0.006
act_so101_blocks_20000_ep0-49,8900,0.278,18.120,1.0e-05,0.217,0.006
act_so101_blocks_20000_ep0-49,9000,0.278,18.049,1.0e-05,0.220,0.006
act_so101_blocks_20000_ep0-49,9100,0.274,17.702,1.0e-05,0.212,0.006
act_so101_blocks_20000_ep0-49,9200,0.268,18.066,1.0e-05,0.211,0.006
act_so101_blocks_20000_ep0-49,9300,0.272,17.432,1.0e-05,0.216,0.006
act_so101_blocks_20000_ep0-49,9400,0.268,16.932,1.0e-05,0.213,0.006
act_so101_blocks_20000_ep0-49,9500,0.266,17.222,1.0e-05,0.210,0.006
act_so101_blocks_20000_ep0-49,9600,0.269,17.114,1.0e-05,0.216,0.005
act_so101_blocks_20000_ep0-49,9700,0.268,16.440,1.0e-05,0.214,0.005
act_so101_blocks_20000_ep0-49,9800,0.255,17.008,1.0e-05,0.202,0.005
act_so101_blocks_20000_ep0-49,9900,0.262,16.437,1.0e-05,0.208,0.005
act_so101_blocks_20000_ep0-49,10000,0.263,16.650,1.0e-05,0.210,0.005
act_so101_blocks_20000_ep0-49,10100,0.262,16.512,1.0e-05,0.211,0.005
act_so101_blocks_20000_ep0-49,10200,0.261,16.870,1.0e-05,0.211,0.005
act_so101_blocks_20000_ep0-49,10300,0.252,16.247,1.0e-05,0.203,0.005
act_so101_blocks_20000_ep0-49,10400,0.249,15.719,1.0e-05,0.202,0.005
act_so101_blocks_20000_ep0-49,10500,0.261,16.105,1.0e-05,0.214,0.005
act_so101_blocks_20000_ep0-49,10600,0.242,16.067,1.0e-05,0.196,0.005
act_so101_blocks_20000_ep0-49,10700,0.243,15.212,1.0e-05,0.198,0.004
act_so101_blocks_20000_ep0-49,10800,0.249,15.899,1.0e-05,0.204,0.005
act_so101_blocks_20000_ep0-49,10900,0.247,15.610,1.0e-05,0.202,0.004
act_so101_blocks_20000_ep0-49,11000,0.240,15.767,1.0e-05,0.199,0.004
act_so101_blocks_20000_ep0-49,11100,0.236,15.352,1.0e-05,0.193,0.004
act_so101_blocks_20000_ep0-49,11200,0.249,16.021,1.0e-05,0.206,0.004
act_so101_blocks_20000_ep0-49,11300,0.243,15.385,1.0e-05,0.201,0.004
act_so101_blocks_20000_ep0-49,11400,0.236,15.288,1.0e-05,0.194,0.004
act_so101_blocks_20000_ep0-49,11500,0.236,15.084,1.0e-05,0.197,0.004
act_so101_blocks_20000_ep0-49,11600,0.230,15.549,1.0e-05,0.191,0.004
act_so101_blocks_20000_ep0-49,11700,0.229,14.964,1.0e-05,0.189,0.004
act_so101_blocks_20000_ep0-49,11800,0.236,14.858,1.0e-05,0.198,0.004
act_so101_blocks_20000_ep0-49,11900,0.230,15.266,1.0e-05,0.192,0.004
act_so101_blocks_20000_ep0-49,12000,0.239,15.102,1.0e-05,0.202,0.004
act_so101_blocks_20000_ep0-49,12100,0.231,14.808,1.0e-05,0.192,0.004
act_so101_blocks_20000_ep0-49,12200,0.229,14.602,1.0e-05,0.192,0.004
act_so101_blocks_20000_ep0-49,12300,0.231,14.972,1.0e-05,0.193,0.004
act_so101_blocks_20000_ep0-49,12400,0.225,14.625,1.0e-05,0.190,0.003
act_so101_blocks_20000_ep0-49,12500,0.238,14.633,1.0e-05,0.201,0.004
act_so101_blocks_20000_ep0-49,12600,0.232,15.175,1.0e-05,0.195,0.004
act_so101_blocks_20000_ep0-49,12700,0.231,14.570,1.0e-05,0.196,0.004
act_so101_blocks_20000_ep0-49,12800,0.214,14.248,1.0e-05,0.181,0.003
act_so101_blocks_20000_ep0-49,12900,0.224,14.503,1.0e-05,0.188,0.004
act_so101_blocks_20000_ep0-49,13000,0.219,14.564,1.0e-05,0.185,0.003
act_so101_blocks_20000_ep0-49,13100,0.221,14.113,1.0e-05,0.188,0.003
act_so101_blocks_20000_ep0-49,13200,0.226,14.401,1.0e-05,0.194,0.003
act_so101_blocks_20000_ep0-49,13300,0.216,14.243,1.0e-05,0.184,0.003
act_so101_blocks_20000_ep0-49,13400,0.226,14.468,1.0e-05,0.194,0.003
act_so101_blocks_20000_ep0-49,13500,0.211,13.971,1.0e-05,0.179,0.003
act_so101_blocks_20000_ep0-49,13600,0.213,14.158,1.0e-05,0.183,0.003
act_so101_blocks_20000_ep0-49,13700,0.213,13.950,1.0e-05,0.183,0.003
act_so101_blocks_20000_ep0-49,13800,0.225,13.947,1.0e-05,0.194,0.003
act_so101_blocks_20000_ep0-49,13900,0.209,14.003,1.0e-05,0.178,0.003
act_so101_blocks_20000_ep0-49,14000,0.219,13.520,1.0e-05,0.191,0.003
act_so101_blocks_20000_ep0-49,14100,0.210,13.778,1.0e-05,0.181,0.003
act_so101_blocks_20000_ep0-49,14200,0.205,13.492,1.0e-05,0.176,0.003
act_so101_blocks_20000_ep0-49,14300,0.212,13.764,1.0e-05,0.183,0.003
act_so101_blocks_20000_ep0-49,14400,0.209,13.773,1.0e-05,0.181,0.003
act_so101_blocks_20000_ep0-49,14500,0.214,13.267,1.0e-05,0.188,0.003
act_so101_blocks_20000_ep0-49,14600,0.213,13.816,1.0e-05,0.185,0.003
act_so101_blocks_20000_ep0-49,14700,0.213,13.447,1.0e-05,0.187,0.003
act_so101_blocks_20000_ep0-49,14800,0.205,12.610,1.0e-05,0.179,0.003
act_so101_blocks_20000_ep0-49,14900,0.200,13.099,1.0e-05,0.173,0.003
act_so101_blocks_20000_ep0-49,15000,0.211,13.146,1.0e-05,0.186,0.003
act_so101_blocks_20000_ep0-49,15100,0.214,13.385,1.0e-05,0.189,0.002
act_so101_blocks_20000_ep0-49,15200,0.216,13.091,1.0e-05,0.190,0.003
act_so101_blocks_20000_ep0-49,15300,0.211,12.927,1.0e-05,0.185,0.003
act_so101_blocks_20000_ep0-49,15400,0.199,12.606,1.0e-05,0.175,0.002
act_so101_blocks_20000_ep0-49,15500,0.207,12.880,1.0e-05,0.183,0.002
act_so101_blocks_20000_ep0-49,15600,0.197,13.063,1.0e-05,0.171,0.003
act_so101_blocks_20000_ep0-49,15700,0.198,12.438,1.0e-05,0.174,0.002
act_so101_blocks_20000_ep0-49,15800,0.194,12.849,1.0e-05,0.170,0.002
act_so101_blocks_20000_ep0-49,15900,0.193,12.158,1.0e-05,0.170,0.002
act_so101_blocks_20000_ep0-49,16000,0.204,12.793,1.0e-05,0.180,0.002
act_so101_blocks_20000_ep0-49,16100,0.202,12.492,1.0e-05,0.179,0.002
act_so101_blocks_20000_ep0-49,16200,0.204,12.690,1.0e-05,0.181,0.002
act_so101_blocks_20000_ep0-49,16300,0.199,12.723,1.0e-05,0.176,0.002
act_so101_blocks_20000_ep0-49,16400,0.194,12.832,1.0e-05,0.171,0.002
act_so101_blocks_20000_ep0-49,16500,0.188,12.748,1.0e-05,0.165,0.002
act_so101_blocks_20000_ep0-49,16600,0.186,12.241,1.0e-05,0.164,0.002
act_so101_blocks_20000_ep0-49,16700,0.194,12.640,1.0e-05,0.171,0.002
act_so101_blocks_20000_ep0-49,16800,0.199,11.902,1.0e-05,0.179,0.002
act_so101_blocks_20000_ep0-49,16900,0.195,12.070,1.0e-05,0.174,0.002
act_so101_blocks_20000_ep0-49,17000,0.188,12.068,1.0e-05,0.167,0.002
act_so101_blocks_20000_ep0-49,17100,0.195,12.797,1.0e-05,0.172,0.002
act_so101_blocks_20000_ep0-49,17200,0.182,12.368,1.0e-05,0.160,0.002
act_so101_blocks_20000_ep0-49,17300,0.188,12.372,1.0e-05,0.167,0.002
act_so101_blocks_20000_ep0-49,17400,0.188,11.983,1.0e-05,0.169,0.002
act_so101_blocks_20000_ep0-49,17500,0.188,11.733,1.0e-05,0.168,0.002
act_so101_blocks_20000_ep0-49,17600,0.186,12.213,1.0e-05,0.166,0.002
act_so101_blocks_20000_ep0-49,17700,0.187,12.480,1.0e-05,0.166,0.002
act_so101_blocks_20000_ep0-49,17800,0.192,12.244,1.0e-05,0.172,0.002
act_so101_blocks_20000_ep0-49,17900,0.188,11.934,1.0e-05,0.169,0.002
act_so101_blocks_20000_ep0-49,18000,0.177,11.347,1.0e-05,0.159,0.002
act_so101_blocks_20000_ep0-49,18100,0.193,11.964,1.0e-05,0.173,0.002
act_so101_blocks_20000_ep0-49,18200,0.190,11.951,1.0e-05,0.171,0.002
act_so101_blocks_20000_ep0-49,18300,0.181,12.201,1.0e-05,0.162,0.002
act_so101_blocks_20000_ep0-49,18400,0.190,12.128,1.0e-05,0.171,0.002
act_so101_blocks_20000_ep0-49,18500,0.186,11.738,1.0e-05,0.167,0.002
act_so101_blocks_20000_ep0-49,18600,0.189,11.842,1.0e-05,0.169,0.002
act_so101_blocks_20000_ep0-49,18700,0.185,11.356,1.0e-05,0.167,0.002
act_so101_blocks_20000_ep0-49,18800,0.182,11.754,1.0e-05,0.164,0.002
act_so101_blocks_20000_ep0-49,18900,0.178,11.374,1.0e-05,0.161,0.002
act_so101_blocks_20000_ep0-49,19000,0.198,11.751,1.0e-05,0.181,0.002
act_so101_blocks_20000_ep0-49,19100,0.184,10.820,1.0e-05,0.168,0.002
act_so101_blocks_20000_ep0-49,19200,0.183,11.809,1.0e-05,0.166,0.002
act_so101_blocks_20000_ep0-49,19300,0.193,11.335,1.0e-05,0.177,0.002
act_so101_blocks_20000_ep0-49,19400,0.173,11.353,1.0e-05,0.156,0.002
act_so101_blocks_20000_ep0-49,19500,0.176,11.456,1.0e-05,0.160,0.002
act_so101_blocks_20000_ep0-49,19600,0.177,11.768,1.0e-05,0.159,0.002
act_so101_blocks_20000_ep0-49,19700,0.178,11.310,1.0e-05,0.162,0.002
act_so101_blocks_20000_ep0-49,19800,0.184,11.277,1.0e-05,0.168,0.002
act_so101_blocks_20000_ep0-49,19900,0.177,11.384,1.0e-05,0.161,0.002
act_so101_blocks_20000_ep0-49,20000,0.177,11.236,1.0e-05,0.162,0.002
act_so101_test_r1_20260907_225847_2000,100,10.105,207.819,1.0e-05,0.639,0.947
act_so101_test_r1_20260907_225847_2000,200,3.777,109.325,1.0e-05,0.428,0.335
act_so101_test_r1_20260907_225847_2000,300,3.109,92.391,1.0e-05,0.381,0.273
act_so101_test_r1_20260907_225847_2000,400,2.756,85.473,1.0e-05,0.357,0.240
act_so101_test_r1_20260907_225847_2000,500,2.568,81.078,1.0e-05,0.344,0.222
act_so101_test_r1_20260907_225847_2000,600,2.374,74.626,1.0e-05,0.321,0.205
act_so101_test_r1_20260907_225847_2000,700,2.271,73.222,1.0e-05,0.321,0.195
act_so101_test_r1_20260907_225847_2000,800,2.098,68.204,1.0e-05,0.302,0.180
act_so101_test_r1_20260907_225847_2000,900,2.003,66.644,1.0e-05,0.292,0.171
act_so101_test_r1_20260907_225847_2000,1000,1.919,65.481,1.0e-05,0.301,0.162
act_so101_test_r1_20260907_225847_2000,1100,1.833,62.733,1.0e-05,0.296,0.154
act_so101_test_r1_20260907_225847_2000,1200,1.736,61.605,1.0e-05,0.280,0.146
act_so101_test_r1_20260907_225847_2000,1300,1.649,59.555,1.0e-05,0.263,0.139
act_so101_test_r1_20260907_225847_2000,1400,1.571,58.863,1.0e-05,0.262,0.131
act_so101_test_r1_20260907_225847_2000,1500,1.492,55.623,1.0e-05,0.253,0.124
act_so101_test_r1_20260907_225847_2000,1600,1.427,55.522,1.0e-05,0.244,0.118
act_so101_test_r1_20260907_225847_2000,1700,1.362,54.744,1.0e-05,0.236,0.113
act_so101_test_r1_20260907_225847_2000,1800,1.304,51.658,1.0e-05,0.235,0.107
act_so101_test_r1_20260907_225847_2000,1900,1.221,50.253,1.0e-05,0.232,0.099
act_so101_test_r1_20260907_225847_2000,2000,1.174,50.070,1.0e-05,0.217,0.096
act_so101_blocks_20000_ep0-49_100-149,100,10.046,209.108,1.0e-05,0.730,0.932
act_so101_blocks_20000_ep0-49_100-149,200,3.925,108.808,1.0e-05,0.610,0.332
act_so101_blocks_20000_ep0-49_100-149,300,3.260,91.947,1.0e-05,0.574,0.269
act_so101_blocks_20000_ep0-49_100-149,400,2.894,82.118,1.0e-05,0.546,0.235
act_so101_blocks_20000_ep0-49_100-149,500,2.689,78.432,1.0e-05,0.522,0.217
act_so101_blocks_20000_ep0-49_100-149,600,2.521,76.511,1.0e-05,0.514,0.201
act_so101_blocks_20000_ep0-49_100-149,700,2.352,71.664,1.0e-05,0.469,0.188
act_so101_blocks_20000_ep0-49_100-149,800,2.270,69.090,1.0e-05,0.490,0.178
act_so101_blocks_20000_ep0-49_100-149,900,2.179,66.654,1.0e-05,0.480,0.170
act_so101_blocks_20000_ep0-49_100-149,1000,2.078,65.071,1.0e-05,0.464,0.161
act_so101_blocks_20000_ep0-49_100-149,1100,1.937,61.063,1.0e-05,0.466,0.147
act_so101_blocks_20000_ep0-49_100-149,1200,1.902,61.538,1.0e-05,0.470,0.143
act_so101_blocks_20000_ep0-49_100-149,1300,1.805,58.230,1.0e-05,0.463,0.134
act_so101_blocks_20000_ep0-49_100-149,1400,1.733,58.180,1.0e-05,0.438,0.130
act_so101_blocks_20000_ep0-49_100-149,1500,1.655,57.223,1.0e-05,0.416,0.124
act_so101_blocks_20000_ep0-49_100-149,1600,1.572,55.877,1.0e-05,0.412,0.116
act_so101_blocks_20000_ep0-49_100-149,1700,1.514,54.197,1.0e-05,0.404,0.111
act_so101_blocks_20000_ep0-49_100-149,1800,1.442,52.987,1.0e-05,0.402,0.104
act_so101_blocks_20000_ep0-49_100-149,1900,1.397,51.803,1.0e-05,0.407,0.099
act_so101_blocks_20000_ep0-49_100-149,2000,1.333,51.398,1.0e-05,0.386,0.095
act_so101_blocks_20000_ep0-49_100-149,2100,1.286,49.802,1.0e-05,0.400,0.089
act_so101_blocks_20000_ep0-49_100-149,2200,1.229,48.073,1.0e-05,0.381,0.085
act_so101_blocks_20000_ep0-49_100-149,2300,1.168,46.717,1.0e-05,0.373,0.080
act_so101_blocks_20000_ep0-49_100-149,2400,1.118,46.346,1.0e-05,0.366,0.075
act_so101_blocks_20000_ep0-49_100-149,2500,1.063,44.335,1.0e-05,0.357,0.071
act_so101_blocks_20000_ep0-49_100-149,2600,1.027,42.650,1.0e-05,0.363,0.066
act_so101_blocks_20000_ep0-49_100-149,2700,0.993,42.657,1.0e-05,0.366,0.063
act_so101_blocks_20000_ep0-49_100-149,2800,0.949,41.870,1.0e-05,0.346,0.060
act_so101_blocks_20000_ep0-49_100-149,2900,0.907,39.983,1.0e-05,0.349,0.056
act_so101_blocks_20000_ep0-49_100-149,3000,0.848,38.828,1.0e-05,0.323,0.053
act_so101_blocks_20000_ep0-49_100-149,3100,0.829,38.575,1.0e-05,0.326,0.050
act_so101_blocks_20000_ep0-49_100-149,3200,0.800,37.159,1.0e-05,0.335,0.047
act_so101_blocks_20000_ep0-49_100-149,3300,0.762,35.904,1.0e-05,0.322,0.044
act_so101_blocks_20000_ep0-49_100-149,3400,0.739,35.399,1.0e-05,0.323,0.042
act_so101_blocks_20000_ep0-49_100-149,3500,0.727,35.475,1.0e-05,0.334,0.039
act_so101_blocks_20000_ep0-49_100-149,3600,0.698,34.340,1.0e-05,0.327,0.037
act_so101_blocks_20000_ep0-49_100-149,3700,0.678,33.467,1.0e-05,0.324,0.035
act_so101_blocks_20000_ep0-49_100-149,3800,0.650,32.594,1.0e-05,0.317,0.033
act_so101_blocks_20000_ep0-49_100-149,3900,0.629,31.817,1.0e-05,0.308,0.032
act_so101_blocks_20000_ep0-49_100-149,4000,0.606,30.641,1.0e-05,0.309,0.030
act_so101_blocks_20000_ep0-49_100-149,4100,0.591,29.686,1.0e-05,0.310,0.028
act_so101_blocks_20000_ep0-49_100-149,4200,0.587,29.992,1.0e-05,0.314,0.027
act_so101_blocks_20000_ep0-49_100-149,4300,0.568,29.223,1.0e-05,0.315,0.025
act_so101_blocks_20000_ep0-49_100-149,4400,0.545,28.614,1.0e-05,0.302,0.024
act_so101_blocks_20000_ep0-49_100-149,4500,0.532,27.912,1.0e-05,0.309,0.022
act_so101_blocks_20000_ep0-49_100-149,4600,0.514,27.611,1.0e-05,0.297,0.022
act_so101_blocks_20000_ep0-49_100-149,4700,0.511,27.209,1.0e-05,0.300,0.021
act_so101_blocks_20000_ep0-49_100-149,4800,0.496,27.271,1.0e-05,0.292,0.020
act_so101_blocks_20000_ep0-49_100-149,4900,0.496,27.004,1.0e-05,0.302,0.019
act_so101_blocks_20000_ep0-49_100-149,5000,0.479,25.648,1.0e-05,0.299,0.018
act_so101_blocks_20000_ep0-49_100-149,5100,0.459,24.823,1.0e-05,0.288,0.017
act_so101_blocks_20000_ep0-49_100-149,5200,0.459,24.802,1.0e-05,0.293,0.017
act_so101_blocks_20000_ep0-49_100-149,5300,0.449,24.849,1.0e-05,0.283,0.017
act_so101_blocks_20000_ep0-49_100-149,5400,0.446,24.412,1.0e-05,0.291,0.015
act_so101_blocks_20000_ep0-49_100-149,5500,0.437,24.661,1.0e-05,0.285,0.015
act_so101_blocks_20000_ep0-49_100-149,5600,0.414,23.028,1.0e-05,0.272,0.014
act_so101_blocks_20000_ep0-49_100-149,5700,0.414,23.112,1.0e-05,0.278,0.014
act_so101_blocks_20000_ep0-49_100-149,5800,0.414,23.374,1.0e-05,0.281,0.013
act_so101_blocks_20000_ep0-49_100-149,5900,0.403,22.912,1.0e-05,0.274,0.013
act_so101_blocks_20000_ep0-49_100-149,6000,0.402,22.219,1.0e-05,0.278,0.012
act_so101_blocks_20000_ep0-49_100-149,6100,0.389,22.320,1.0e-05,0.269,0.012
act_so101_blocks_20000_ep0-49_100-149,6200,0.386,22.004,1.0e-05,0.270,0.012
act_so101_blocks_20000_ep0-49_100-149,6300,0.396,22.074,1.0e-05,0.287,0.011
act_so101_blocks_20000_ep0-49_100-149,6400,0.384,21.359,1.0e-05,0.275,0.011
act_so101_blocks_20000_ep0-49_100-149,6500,0.374,21.706,1.0e-05,0.266,0.011
act_so101_blocks_20000_ep0-49_100-149,6600,0.375,21.048,1.0e-05,0.270,0.010
act_so101_blocks_20000_ep0-49_100-149,6700,0.378,21.892,1.0e-05,0.277,0.010
act_so101_blocks_20000_ep0-49_100-149,6800,0.366,20.408,1.0e-05,0.268,0.010
act_so101_blocks_20000_ep0-49_100-149,6900,0.353,20.643,1.0e-05,0.259,0.009
act_so101_blocks_20000_ep0-49_100-149,7000,0.361,20.759,1.0e-05,0.268,0.009
act_so101_blocks_20000_ep0-49_100-149,7100,0.351,19.740,1.0e-05,0.261,0.009
act_so101_blocks_20000_ep0-49_100-149,7200,0.345,19.588,1.0e-05,0.259,0.009
act_so101_blocks_20000_ep0-49_100-149,7300,0.337,19.759,1.0e-05,0.253,0.008
act_so101_blocks_20000_ep0-49_100-149,7400,0.338,19.421,1.0e-05,0.253,0.009
act_so101_blocks_20000_ep0-49_100-149,7500,0.328,18.983,1.0e-05,0.247,0.008
act_so101_blocks_20000_ep0-49_100-149,7600,0.338,19.184,1.0e-05,0.259,0.008
act_so101_blocks_20000_ep0-49_100-149,7700,0.338,19.257,1.0e-05,0.260,0.008
act_so101_blocks_20000_ep0-49_100-149,7800,0.333,19.648,1.0e-05,0.257,0.008
act_so101_blocks_20000_ep0-49_100-149,7900,0.331,18.766,1.0e-05,0.259,0.007
act_so101_blocks_20000_ep0-49_100-149,8000,0.325,18.742,1.0e-05,0.250,0.007
act_so101_blocks_20000_ep0-49_100-149,8100,0.326,18.875,1.0e-05,0.255,0.007
act_so101_blocks_20000_ep0-49_100-149,8200,0.322,18.366,1.0e-05,0.252,0.007
act_so101_blocks_20000_ep0-49_100-149,8300,0.314,17.885,1.0e-05,0.249,0.006
act_so101_blocks_20000_ep0-49_100-149,8400,0.317,18.404,1.0e-05,0.248,0.007
act_so101_blocks_20000_ep0-49_100-149,8500,0.314,18.295,1.0e-05,0.248,0.007
act_so101_blocks_20000_ep0-49_100-149,8600,0.309,18.009,1.0e-05,0.244,0.006
act_so101_blocks_20000_ep0-49_100-149,8700,0.307,18.652,1.0e-05,0.244,0.006
act_so101_blocks_20000_ep0-49_100-149,8800,0.308,18.083,1.0e-05,0.244,0.006
act_so101_blocks_20000_ep0-49_100-149,8900,0.304,17.625,1.0e-05,0.243,0.006
act_so101_blocks_20000_ep0-49_100-149,9000,0.306,17.351,1.0e-05,0.248,0.006
act_so101_blocks_20000_ep0-49_100-149,9100,0.303,18.370,1.0e-05,0.244,0.006
act_so101_blocks_20000_ep0-49_100-149,9200,0.299,17.295,1.0e-05,0.242,0.006
act_so101_blocks_20000_ep0-49_100-149,9300,0.306,17.152,1.0e-05,0.250,0.006
act_so101_blocks_20000_ep0-49_100-149,9400,0.300,17.626,1.0e-05,0.244,0.006
act_so101_blocks_20000_ep0-49_100-149,9500,0.291,17.032,1.0e-05,0.236,0.006
act_so101_blocks_20000_ep0-49_100-149,9600,0.284,16.665,1.0e-05,0.232,0.005
act_so101_blocks_20000_ep0-49_100-149,9700,0.290,16.658,1.0e-05,0.237,0.005
act_so101_blocks_20000_ep0-49_100-149,9800,0.296,16.749,1.0e-05,0.245,0.005
act_so101_blocks_20000_ep0-49_100-149,9900,0.293,16.684,1.0e-05,0.241,0.005
act_so101_blocks_20000_ep0-49_100-149,10000,0.277,16.169,1.0e-05,0.227,0.005
act_so101_blocks_20000_ep0-49_100-149,10100,0.287,16.623,1.0e-05,0.237,0.005
act_so101_blocks_20000_ep0-49_100-149,10200,0.293,17.008,1.0e-05,0.244,0.005
act_so101_blocks_20000_ep0-49_100-149,10300,0.287,16.673,1.0e-05,0.239,0.005
act_so101_blocks_20000_ep0-49_100-149,10400,0.287,16.223,1.0e-05,0.242,0.005
act_so101_blocks_20000_ep0-49_100-149,10500,0.281,15.916,1.0e-05,0.236,0.004
act_so101_blocks_20000_ep0-49_100-149,10600,0.276,15.888,1.0e-05,0.233,0.004
act_so101_blocks_20000_ep0-49_100-149,10700,0.289,15.606,1.0e-05,0.244,0.005
act_so101_blocks_20000_ep0-49_100-149,10800,0.265,15.631,1.0e-05,0.221,0.004
act_so101_blocks_20000_ep0-49_100-149,10900,0.276,15.940,1.0e-05,0.233,0.004
act_so101_blocks_20000_ep0-49_100-149,11000,0.263,15.324,1.0e-05,0.223,0.004
act_so101_blocks_20000_ep0-49_100-149,11100,0.274,15.417,1.0e-05,0.233,0.004
act_so101_blocks_20000_ep0-49_100-149,11200,0.276,15.459,1.0e-05,0.237,0.004
act_so101_blocks_20000_ep0-49_100-149,11300,0.269,15.282,1.0e-05,0.229,0.004
act_so101_blocks_20000_ep0-49_100-149,11400,0.268,15.272,1.0e-05,0.228,0.004
act_so101_blocks_20000_ep0-49_100-149,11500,0.259,15.449,1.0e-05,0.219,0.004
act_so101_blocks_20000_ep0-49_100-149,11600,0.269,15.254,1.0e-05,0.231,0.004
act_so101_blocks_20000_ep0-49_100-149,11700,0.261,15.052,1.0e-05,0.223,0.004
act_so101_blocks_20000_ep0-49_100-149,11800,0.264,15.133,1.0e-05,0.224,0.004
act_so101_blocks_20000_ep0-49_100-149,11900,0.257,14.402,1.0e-05,0.221,0.004
act_so101_blocks_20000_ep0-49_100-149,12000,0.267,15.421,1.0e-05,0.229,0.004
act_so101_blocks_20000_ep0-49_100-149,12100,0.265,14.633,1.0e-05,0.229,0.004
act_so101_blocks_20000_ep0-49_100-149,12200,0.267,15.176,1.0e-05,0.232,0.004
act_so101_blocks_20000_ep0-49_100-149,12300,0.253,14.415,1.0e-05,0.218,0.003
act_so101_blocks_20000_ep0-49_100-149,12400,0.262,15.090,1.0e-05,0.225,0.004
act_so101_blocks_20000_ep0-49_100-149,12500,0.263,14.828,1.0e-05,0.230,0.003
act_so101_blocks_20000_ep0-49_100-149,12600,0.257,14.895,1.0e-05,0.222,0.003
act_so101_blocks_20000_ep0-49_100-149,12700,0.259,14.952,1.0e-05,0.225,0.003
act_so101_blocks_20000_ep0-49_100-149,12800,0.271,14.867,1.0e-05,0.237,0.003
act_so101_blocks_20000_ep0-49_100-149,12900,0.264,14.695,1.0e-05,0.233,0.003
act_so101_blocks_20000_ep0-49_100-149,13000,0.254,14.620,1.0e-05,0.219,0.004
act_so101_blocks_20000_ep0-49_100-149,13100,0.256,14.468,1.0e-05,0.222,0.003
act_so101_blocks_20000_ep0-49_100-149,13200,0.239,13.656,1.0e-05,0.208,0.003
act_so101_blocks_20000_ep0-49_100-149,13300,0.252,14.221,1.0e-05,0.219,0.003
act_so101_blocks_20000_ep0-49_100-149,13400,0.252,13.930,1.0e-05,0.221,0.003
act_so101_blocks_20000_ep0-49_100-149,13500,0.241,13.731,1.0e-05,0.211,0.003
act_so101_blocks_20000_ep0-49_100-149,13600,0.254,14.258,1.0e-05,0.225,0.003
act_so101_blocks_20000_ep0-49_100-149,13700,0.243,14.332,1.0e-05,0.211,0.003
act_so101_blocks_20000_ep0-49_100-149,13800,0.246,14.381,1.0e-05,0.218,0.003
act_so101_blocks_20000_ep0-49_100-149,13900,0.240,13.862,1.0e-05,0.213,0.003
act_so101_blocks_20000_ep0-49_100-149,14000,0.251,14.099,1.0e-05,0.223,0.003
act_so101_blocks_20000_ep0-49_100-149,14100,0.241,14.525,1.0e-05,0.212,0.003
act_so101_blocks_20000_ep0-49_100-149,14200,0.242,14.124,1.0e-05,0.214,0.003
act_so101_blocks_20000_ep0-49_100-149,14300,0.245,13.952,1.0e-05,0.218,0.003
act_so101_blocks_20000_ep0-49_100-149,14400,0.235,14.305,1.0e-05,0.207,0.003
act_so101_blocks_20000_ep0-49_100-149,14500,0.241,13.967,1.0e-05,0.214,0.003
act_so101_blocks_20000_ep0-49_100-149,14600,0.234,13.450,1.0e-05,0.207,0.003
act_so101_blocks_20000_ep0-49_100-149,14700,0.236,13.376,1.0e-05,0.209,0.003
act_so101_blocks_20000_ep0-49_100-149,14800,0.238,13.460,1.0e-05,0.211,0.003
act_so101_blocks_20000_ep0-49_100-149,14900,0.235,13.223,1.0e-05,0.210,0.003
act_so101_blocks_20000_ep0-49_100-149,15000,0.232,13.291,1.0e-05,0.206,0.003
act_so101_blocks_20000_ep0-49_100-149,15100,0.230,12.999,1.0e-05,0.205,0.003
act_so101_blocks_20000_ep0-49_100-149,15200,0.221,12.790,1.0e-05,0.196,0.002
act_so101_blocks_20000_ep0-49_100-149,15300,0.241,13.023,1.0e-05,0.216,0.003
act_so101_blocks_20000_ep0-49_100-149,15400,0.242,13.289,1.0e-05,0.218,0.002
act_so101_blocks_20000_ep0-49_100-149,15500,0.227,13.299,1.0e-05,0.203,0.002
act_so101_blocks_20000_ep0-49_100-149,15600,0.220,12.716,1.0e-05,0.198,0.002
act_so101_blocks_20000_ep0-49_100-149,15700,0.233,13.191,1.0e-05,0.208,0.003
act_so101_blocks_20000_ep0-49_100-149,15800,0.229,13.087,1.0e-05,0.206,0.002
act_so101_blocks_20000_ep0-49_100-149,15900,0.221,12.838,1.0e-05,0.199,0.002
act_so101_blocks_20000_ep0-49_100-149,16000,0.214,12.505,1.0e-05,0.191,0.002
act_so101_blocks_20000_ep0-49_100-149,16100,0.233,12.999,1.0e-05,0.210,0.002
act_so101_blocks_20000_ep0-49_100-149,16200,0.237,13.209,1.0e-05,0.216,0.002
act_so101_blocks_20000_ep0-49_100-149,16300,0.219,12.588,1.0e-05,0.196,0.002
act_so101_blocks_20000_ep0-49_100-149,16400,0.221,12.792,1.0e-05,0.198,0.002
act_so101_blocks_20000_ep0-49_100-149,16500,0.227,13.093,1.0e-05,0.205,0.002
act_so101_blocks_20000_ep0-49_100-149,16600,0.219,12.842,1.0e-05,0.198,0.002
act_so101_blocks_20000_ep0-49_100-149,16700,0.226,12.621,1.0e-05,0.206,0.002
act_so101_blocks_20000_ep0-49_100-149,16800,0.216,12.426,1.0e-05,0.196,0.002
act_so101_blocks_20000_ep0-49_100-149,16900,0.214,12.538,1.0e-05,0.194,0.002
act_so101_blocks_20000_ep0-49_100-149,17000,0.220,12.850,1.0e-05,0.199,0.002
act_so101_blocks_20000_ep0-49_100-149,17100,0.225,12.360,1.0e-05,0.205,0.002
act_so101_blocks_20000_ep0-49_100-149,17200,0.223,12.740,1.0e-05,0.201,0.002
act_so101_blocks_20000_ep0-49_100-149,17300,0.223,12.425,1.0e-05,0.203,0.002
act_so101_blocks_20000_ep0-49_100-149,17400,0.215,12.134,1.0e-05,0.194,0.002
act_so101_blocks_20000_ep0-49_100-149,17500,0.219,12.072,1.0e-05,0.201,0.002
act_so101_blocks_20000_ep0-49_100-149,17600,0.216,12.371,1.0e-05,0.197,0.002
act_so101_blocks_20000_ep0-49_100-149,17700,0.220,12.085,1.0e-05,0.200,0.002
act_so101_blocks_20000_ep0-49_100-149,17800,0.222,12.088,1.0e-05,0.203,0.002
act_so101_blocks_20000_ep0-49_100-149,17900,0.219,12.228,1.0e-05,0.201,0.002
act_so101_blocks_20000_ep0-49_100-149,18000,0.208,11.942,1.0e-05,0.191,0.002
act_so101_blocks_20000_ep0-49_100-149,18100,0.215,11.928,1.0e-05,0.197,0.002
act_so101_blocks_20000_ep0-49_100-149,18200,0.213,12.388,1.0e-05,0.193,0.002
act_so101_blocks_20000_ep0-49_100-149,18300,0.212,11.829,1.0e-05,0.195,0.002
act_so101_blocks_20000_ep0-49_100-149,18400,0.221,12.603,1.0e-05,0.202,0.002
act_so101_blocks_20000_ep0-49_100-149,18500,0.207,11.969,1.0e-05,0.191,0.002
act_so101_blocks_20000_ep0-49_100-149,18600,0.226,12.097,1.0e-05,0.208,0.002
act_so101_blocks_20000_ep0-49_100-149,18700,0.210,11.494,1.0e-05,0.192,0.002
act_so101_blocks_20000_ep0-49_100-149,18800,0.211,12.067,1.0e-05,0.195,0.002
act_so101_blocks_20000_ep0-49_100-149,18900,0.209,11.669,1.0e-05,0.193,0.002
act_so101_blocks_20000_ep0-49_100-149,19000,0.212,11.700,1.0e-05,0.195,0.002
act_so101_blocks_20000_ep0-49_100-149,19100,0.205,11.837,1.0e-05,0.187,0.002
act_so101_blocks_20000_ep0-49_100-149,19200,0.202,11.862,1.0e-05,0.186,0.002
act_so101_blocks_20000_ep0-49_100-149,19300,0.210,11.385,1.0e-05,0.195,0.002
act_so101_blocks_20000_ep0-49_100-149,19400,0.218,12.040,1.0e-05,0.200,0.002
act_so101_blocks_20000_ep0-49_100-149,19500,0.208,11.531,1.0e-05,0.193,0.002
act_so101_blocks_20000_ep0-49_100-149,19600,0.215,11.997,1.0e-05,0.199,0.002
act_so101_blocks_20000_ep0-49_100-149,19700,0.211,11.055,1.0e-05,0.196,0.001
act_so101_blocks_20000_ep0-49_100-149,19800,0.210,11.720,1.0e-05,0.195,0.002
act_so101_blocks_20000_ep0-49_100-149,19900,0.212,11.775,1.0e-05,0.197,0.001
act_so101_blocks_20000_ep0-49_100-149,20000,0.191,11.080,1.0e-05,0.175,0.002
